epoch,time,train/box_loss,train/cls_loss,train/dfl_loss,metrics/precision(B),metrics/recall(B),metrics/mAP50(B),metrics/mAP50-95(B),val/box_loss,val/cls_loss,val/dfl_loss,lr/pg0,lr/pg1,lr/pg2
1,16.3157,0.85754,4.22561,1.14402,0.46506,0.79493,0.52345,0.38785,0.92288,7.54075,0.99357,0.000592593,0.000592593,0.000592593
2,35.8545,1.08064,2.6799,1.2589,0.74097,0.85714,0.82814,0.39948,0.93848,9.88636,1.11463,0.00123848,0.00123848,0.00123848
3,48.1266,1.04859,2.16083,1.26643,0.16667,0.17143,0.09816,0.04993,2.01509,49.8324,3.04211,0.00186237,0.00186237,0.00186237
4,58.8194,1.2117,1.96332,1.33677,0.009,0.6,0.00644,0.00288,2.72241,7347.18,14.56,0.001901,0.001901,0.001901
5,70.2256,1.39258,1.77076,1.48159,0.00865,0.6,0.00771,0.00216,2.97295,4077.21,18.1192,0.001868,0.001868,0.001868
6,81.7878,1.25851,1.54828,1.37826,0.00236,0.22857,0.0024,0.00075,4.4405,11700,199.249,0.001835,0.001835,0.001835
7,93.2921,1.07037,1.07055,1.27754,0.0001,0.02857,0,0,4.2719,75.1598,25.8888,0.001802,0.001802,0.001802
8,104.741,1.02208,0.96973,1.22682,0.00068,0.05714,9e-05,1e-05,4.03789,51.9562,11.3517,0.001769,0.001769,0.001769
9,116.263,0.92788,0.90123,1.17463,0.00171,0.51429,0.00107,0.00016,3.63783,429.728,9.00996,0.001736,0.001736,0.001736
10,129.842,0.87051,0.7754,1.10095,0.05691,0.2,0.02439,0.01123,3.58842,9.62414,4.74192,0.001703,0.001703,0.001703
11,142.337,0.85454,0.69205,1.09928,0.59354,0.57143,0.48609,0.37867,1.67457,2.88191,1.64695,0.00167,0.00167,0.00167
12,154.09,0.74691,0.66229,1.04632,0.53172,0.57143,0.57585,0.26964,1.61993,5.76087,1.80479,0.001637,0.001637,0.001637
13,165.534,0.77561,0.66019,1.06535,0.95677,0.63243,0.76313,0.60633,0.86883,1.96089,0.98331,0.001604,0.001604,0.001604
14,177.262,0.71256,0.66974,1.02315,0.85332,0.91429,0.96089,0.74737,0.73674,2.69391,1.0005,0.001571,0.001571,0.001571
15,189.332,0.66654,0.59998,1.00477,0.98814,0.94286,0.95506,0.76799,0.69856,2.90586,0.90359,0.001538,0.001538,0.001538
16,200.888,0.65755,0.56876,0.98423,0.6443,0.94286,0.85031,0.70892,0.65325,4.97545,0.90682,0.001505,0.001505,0.001505
17,212.455,0.7061,0.62177,0.9976,0.81109,0.88571,0.90326,0.80864,0.79914,2.89395,0.98058,0.001472,0.001472,0.001472
18,224.621,0.69151,0.57165,1.01759,0.94274,0.94081,0.96668,0.79678,0.69442,1.38916,0.84985,0.001439,0.001439,0.001439
19,236.705,0.60294,0.52734,0.95051,0.97704,0.94286,0.97861,0.89928,0.60046,0.9253,0.88521,0.001406,0.001406,0.001406
20,248.494,0.66401,0.54739,1.0178,0.9161,0.93607,0.96993,0.83859,0.78161,0.73608,0.91276,0.001373,0.001373,0.001373
21,259.955,0.6435,0.5433,1.0093,0.19825,0.2,0.09846,0.04296,2.3856,8.34139,2.25432,0.00134,0.00134,0.00134
22,271.522,0.64063,0.56307,0.98707,1,0.96359,0.99091,0.86651,0.70856,0.85621,0.88311,0.001307,0.001307,0.001307
23,283.726,0.60766,0.49501,0.97647,0.99018,0.94286,0.96721,0.85872,0.53145,0.83626,0.83207,0.001274,0.001274,0.001274
24,294.74,0.59156,0.48508,0.95852,0.99555,0.94286,0.9779,0.86569,0.61567,0.62367,0.8499,0.001241,0.001241,0.001241
25,306.479,0.5657,0.46191,0.95098,0.99331,0.94286,0.97639,0.86205,0.6378,0.62727,0.88184,0.001208,0.001208,0.001208
26,319.819,0.58447,0.47701,0.96051,0.99279,1,0.995,0.88756,0.60457,0.47431,0.8692,0.001175,0.001175,0.001175
27,331.484,0.56289,0.48995,0.97002,0.99332,1,0.995,0.88881,0.6432,0.44208,0.87514,0.001142,0.001142,0.001142
28,343.191,0.55989,0.46068,0.97356,0.96382,1,0.99361,0.86226,0.5457,0.45151,0.81545,0.001109,0.001109,0.001109
29,354.61,0.56274,0.48857,0.95248,0.99638,0.94286,0.98667,0.89334,0.56018,0.54127,0.82534,0.001076,0.001076,0.001076
30,366.196,0.54627,0.46595,0.96124,0.99059,1,0.995,0.9316,0.4895,0.52554,0.8008,0.001043,0.001043,0.001043
31,377.61,0.52358,0.44861,0.95449,0.99715,1,0.995,0.92551,0.48175,0.56088,0.81023,0.00101,0.00101,0.00101
32,389.346,0.52591,0.47095,0.93878,0.99718,1,0.995,0.93755,0.46757,0.36824,0.80353,0.000977,0.000977,0.000977
33,401.24,0.51088,0.4257,0.94532,0.99768,1,0.995,0.94353,0.42138,0.35942,0.77899,0.000944,0.000944,0.000944
34,412.763,0.53308,0.43646,0.93493,0.99715,1,0.995,0.9111,0.4183,0.37283,0.77552,0.000911,0.000911,0.000911
35,424.03,0.49576,0.43235,0.9308,0.98907,1,0.995,0.90378,0.42555,0.42074,0.77272,0.000878,0.000878,0.000878
36,435.93,0.50375,0.41549,0.93846,0.96997,1,0.995,0.94583,0.43732,0.4149,0.78878,0.000845,0.000845,0.000845
37,447.552,0.49318,0.41556,0.94463,0.9714,1,0.995,0.94819,0.4457,0.39978,0.79996,0.000812,0.000812,0.000812
38,459.857,0.47211,0.42853,0.93025,0.99493,1,0.995,0.91019,0.51989,0.35964,0.8362,0.000779,0.000779,0.000779
39,474.889,0.43293,0.37688,0.89149,0.99374,1,0.995,0.94479,0.49023,0.3449,0.82296,0.000746,0.000746,0.000746
40,488.637,0.42328,0.37608,0.89925,0.99348,1,0.995,0.94112,0.49188,0.39737,0.80651,0.000713,0.000713,0.000713
41,500.694,0.46509,0.38597,0.9121,0.99756,1,0.995,0.95124,0.4771,0.35905,0.79323,0.00068,0.00068,0.00068
42,512.867,0.4533,0.37078,0.92789,0.99803,1,0.995,0.97371,0.359,0.33379,0.76363,0.000647,0.000647,0.000647
43,526.655,0.43116,0.36914,0.90845,0.99128,1,0.995,0.93689,0.40548,0.37846,0.77563,0.000614,0.000614,0.000614
44,538.529,0.44898,0.37129,0.92275,0.99814,1,0.995,0.95397,0.38958,0.33517,0.76439,0.000581,0.000581,0.000581
45,549.886,0.38358,0.33928,0.89281,0.99777,1,0.995,0.96552,0.41249,0.34565,0.77706,0.000548,0.000548,0.000548
46,561.811,0.44401,0.3918,0.91184,0.99503,1,0.995,0.95421,0.37246,0.36164,0.7633,0.000515,0.000515,0.000515
47,573.995,0.37239,0.35055,0.88141,0.99646,1,0.995,0.95555,0.3834,0.32088,0.76471,0.000482,0.000482,0.000482
48,586.162,0.36491,0.33216,0.88461,0.99765,1,0.995,0.96324,0.34759,0.31446,0.75073,0.000449,0.000449,0.000449
49,597.734,0.40051,0.34617,0.89387,0.99824,1,0.995,0.9599,0.34579,0.31455,0.74634,0.000416,0.000416,0.000416
50,611.079,0.38651,0.34087,0.895,0.99815,1,0.995,0.95713,0.38049,0.32746,0.74958,0.000383,0.000383,0.000383
51,623.791,0.29439,0.29248,0.82584,0.99813,1,0.995,0.95904,0.37995,0.29942,0.75534,0.00035,0.00035,0.00035
52,635.185,0.26703,0.25225,0.79064,0.99804,1,0.995,0.9622,0.3696,0.29147,0.75953,0.000317,0.000317,0.000317
53,646.94,0.26384,0.25581,0.80525,0.99258,1,0.995,0.96626,0.30743,0.26815,0.75533,0.000284,0.000284,0.000284
54,658.402,0.24632,0.24739,0.80447,0.99725,1,0.995,0.96182,0.29737,0.27873,0.7477,0.000251,0.000251,0.000251
55,670.126,0.2398,0.24872,0.78092,0.99788,1,0.995,0.95904,0.29524,0.26759,0.74849,0.000218,0.000218,0.000218
56,681.384,0.23823,0.22752,0.78102,0.99807,1,0.995,0.9646,0.27916,0.27105,0.74415,0.000185,0.000185,0.000185
57,692.735,0.23864,0.23692,0.76626,0.99819,1,0.995,0.96804,0.26537,0.26,0.7401,0.000152,0.000152,0.000152
58,703.707,0.22526,0.2264,0.76371,0.99826,1,0.995,0.97265,0.23448,0.24322,0.73283,0.000119,0.000119,0.000119
59,714.665,0.22053,0.21847,0.77453,0.99826,1,0.995,0.97265,0.22322,0.25004,0.73054,8.6e-05,8.6e-05,8.6e-05
60,726.112,0.23807,0.22338,0.79091,0.99829,1,0.995,0.9726,0.22022,0.24638,0.72953,5.3e-05,5.3e-05,5.3e-05
